Comparison,Baseline Accuracy (%),Fusion Accuracy (%),Delta Accuracy (%),Baseline F1-score (%),Fusion F1-score (%),Delta F1-score (%),Baseline ROC-AUC,Fusion ROC-AUC,Delta ROC-AUC
Balanced Fusion vs Email-only,95.33333333333334,98.66666666666667,3.3333333333333286,95.37190082644628,98.67549668874173,3.3035958622954524,0.9922527777777777,0.9983222222222222,0.006069444444444572
Balanced Fusion vs URL-only,82.66666666666667,98.66666666666667,16.0,84.14634146341463,98.67549668874173,14.529155225327102,0.8894111111111112,0.9983222222222222,0.10891111111111107
Balanced Fusion vs Webpage-HTML-only,92.0,98.66666666666667,6.666666666666671,92.16965742251223,98.67549668874173,6.505839266229501,0.9719791666666667,0.9983222222222222,0.026343055555555495
