Scenario,Email contribution,URL contribution,Webpage contribution
Urgency Social Engineering,0.3423971581567186,0.3138392070299714,0.34376363481331007
Invoice Payment Fraud,0.3484689914557868,0.31395691100118556,0.3375740975430277
Credential Harvesting,0.3411246742517195,0.30830644678305813,0.35056887896522226
Shortened Obfuscated URL,0.3703165480355323,0.2718007939220935,0.3578826580423743
Brand Webpage Impersonation,0.3508677963318938,0.30979661749297494,0.3393355861751313
