Severity,Accuracy (%),Precision (%),Recall (%),F1-score (%),ROC-AUC,PR-AUC,Brier,Average ECE
0.0,98.33333333333333,97.07792207792207,99.66666666666667,98.35526315789474,0.9984777777777778,0.9984608763524916,0.023802482056472514,0.087413469118435
0.25,98.0,96.51355915198697,99.6,98.03202400335735,0.9984222222222222,0.9984164734718439,0.028660815416566197,0.10932210157323694
0.5,97.6,95.83354190898248,99.53333333333333,97.64734889078626,0.9982088888888889,0.998207097051262,0.03830422901875636,0.13494683797432144
0.75,96.33333333333334,93.82420499055385,99.26666666666668,96.4537079242767,0.9975200000000001,0.9975603059659843,0.057232178641586716,0.16823316192165488
