Strategy,Accuracy (%),Precision (%),Recall (%),F1-score (%),PR-AUC,Brier,ROC-AUC,ECE
Fixed Threshold,98.33333333333333,97.07792207792207,99.66666666666667,98.35526315789474,0.9984608763524916,0.023802482056472514,0.9984777777777778,0.087413469118435
Uncertainty-aware Risk Score,98.33333333333333,97.07792207792207,99.66666666666667,98.35526315789474,0.9984608763524916,0.05307099433399631,0.9984777777777778,0.18209333414177592
