Scenario,Email-only F1 (%),URL-only F1 (%),Webpage-only F1 (%),Dominant Modality,Email Samples,URL Samples,Webpage Samples
Urgency Social Engineering,91.80327868852459,84.14634146341463,92.16965742251223,Webpage,163,600,1200
Invoice Payment Fraud,93.39622641509435,84.14634146341463,90.47619047619048,Email,163,600,654
Credential Harvesting,93.10344827586206,84.14634146341463,95.68106312292359,Webpage,148,600,345
Shortened Obfuscated URL,95.37190082644628,70.0,92.16965742251223,Email,1200,26,1200
Brand Webpage Impersonation,95.30201342281879,84.14634146341463,92.16965742251223,Email,117,600,1200
