Condition,Accuracy (%),Precision (%),Recall (%),F1-score (%),PR-AUC,Brier,ROC-AUC
Missing Email,93.66666666666667,90.6832298136646,97.33333333333334,93.89067524115757,0.9875149865282287,0.08005761550488802,0.9867777777777779
Missing URL,97.83333333333334,96.14147909967846,99.66666666666667,97.87234042553192,0.9979320372639415,0.028181381082084265,0.9979
Missing Webpage,95.16666666666667,91.6923076923077,99.33333333333333,95.36,0.9939483957550265,0.05970036125338937,0.9939555555555556
Only Email,94.83333333333334,91.38461538461539,99.0,95.04,0.9900176560387565,0.07107860125807089,0.9900333333333333
Only URL,69.83333333333334,62.37006237006237,100.0,76.82458386683739,0.8392591554892302,0.2153216718971281,0.8835999999999999
Only Webpage,92.66666666666666,89.50617283950618,96.66666666666667,92.94871794871796,0.9777718235706334,0.09554619053296041,0.9772666666666666
