risk_tier,Number_of_Alerts,True_Phishing,Avg_Phishing_Probability,Avg_Uncertainty,Avg_Risk_Score,Precision_in_Tier (%),Recommended_Action
Low,284,1,0.11231586082807267,0.22463172165614534,0.09381770699126459,0.352112676056338,Passive logging / auto-allow
Medium,44,28,0.6734196658210123,0.6192448395288075,0.6018709445910165,63.63636363636363,Manual review
High,272,271,0.9470929474948231,0.10581410501035389,0.7349608104941919,99.63235294117646,Immediate block / escalate
